URL,Last crawled
https://cag.co.il/listings/חבל-לקשירה-והידוק-מטען-טרם-נסיעה/,2026-05-19
https://cag.co.il/אודותינו-א-ג-נגררים-וקרוואנים/,2026-05-19
https://cag.co.il/קרוואן-למכירה/,2026-05-19
https://cag.co.il/listings/שרשרת-נעילה-14-ממ-מפלדה-מחוסמת/,2026-05-19
https://cag.co.il/listings/ממיר-מתח-לקראון-12v-2000watt/,2026-05-19
https://cag.co.il/השכרת-קרוואנים/,2026-05-19
https://cag.co.il/listings/גנרטור-מושתק-לקראוון/,2026-05-19
https://cag.co.il/listings/קרוואן-tabbert-דגם-puccini/,2026-05-19
https://cag.co.il/קרוואן-נגרר-איתך-לאורך-כל-הדרך/,2026-05-19
https://cag.co.il/סרטונים-שלנו-א-ג-קרוואנים/,2026-05-18
https://cag.co.il/,2026-05-18
https://cag.co.il/listings/סנדל-נעילה-לגלגל-הקרוואן/,2026-05-18
https://cag.co.il/קראוון-נייד-יכול-להביא-את-השינוי/,2026-05-18
https://cag.co.il/listings/מטען-מצברים-12-24v-10ah-genius10/,2026-05-18
https://cag.co.il/קראוונים-weinsberg/,2026-05-17
https://cag.co.il/listings/קרוואן-weinsberg-דגם-450fu/,2026-05-17
https://cag.co.il/listings/קרוואן-knaus-דגם-550fsk/,2026-05-17
https://cag.co.il/מאמרים-קרוואנים/page/2/,2026-05-17
https://cag.co.il/קרוואן-לטיולים/,2026-05-16
https://cag.co.il/קרוואן-נגרר/,2026-05-16
https://cag.co.il/הצצה-אל-העתיד-בית-על-גלגלים/,2026-05-16
https://cag.co.il/5-צעדים-לבחירת-קראוון/,2026-05-16
https://cag.co.il/wp-content/uploads/2025/02/כתבה-מלחמת-חרבות-ברזל.pdf,2026-05-15
https://cag.co.il/אביזרי-נעילה-לקראוונים/,2026-05-15
https://cag.co.il/אנחנו-בשטח/,2026-05-15
https://cag.co.il/listings/מנשא-אופניים-לקרוואן/,2026-05-15
https://cag.co.il/אביזרים-נלווים-לקראוונים/ktg-weinsberg-2017-2018-caraone-450fu-hot-bett-9822-2_72dpi_lowres/,2026-05-15
https://cag.co.il/listings/קרוואן-weinsberg-דגם-390qd/,2026-05-15
https://cag.co.il/קראוונים-נגררים-בתקופת-הקורונה/מתחם-היבדק-וסע-של-מדא-בלוד-בדיקות-קורו/,2026-05-15
https://cag.co.il/listings/קרוואן-tabbert-דגם-da-vinci/,2026-05-15
https://cag.co.il/listings/קרוואן-tabbert-דגם-rossini/,2026-05-14
https://cag.co.il/listings/sterckeman-easy-390cp/,2026-05-14
https://cag.co.il/listings/מנעול-לכף-ריתום-2/,2026-05-14
https://cag.co.il/listings/מנעול-לכף-ריתום/,2026-05-14
https://cag.co.il/קרוואנים-weinsberg-tab-knaus-tabbret/,2026-05-14
https://cag.co.il/listings/קרוואן-weinsberg-דגם-550uk/,2026-05-14
https://cag.co.il/listings/sterckeman-easy-496pe/,2026-05-14
https://cag.co.il/listings/sterckeman-evolution-496pe/,2026-05-14
https://cag.co.il/listings/קרוואן-weinsberg-דגם-550qdk/,2026-05-14
https://cag.co.il/בית-על-גלגלים-הבית-תמיד-כאן/,2026-05-13
https://cag.co.il/השוואת-קרוואנים/,2026-05-13
https://cag.co.il/listings/,2026-05-13
https://cag.co.il/קראוונים-sterckeman/,2026-05-13
https://cag.co.il/listings/גנרטור-2000-וואט-zakco/,2026-05-12
https://cag.co.il/listings/קרוואן-tabbert-דגם-vivaldi/,2026-05-12
https://cag.co.il/listings/knaus-sudwind-580-qs/,2026-05-12
https://cag.co.il/listings/קרוואן-weinsberg-דגם-500fdk/,2026-05-12
https://cag.co.il/הקרוואנים-פותרים-את-מצוקת-הדיור/,2026-05-11
https://cag.co.il/?taxonomy=serie&term=550qdk,2026-05-11
https://cag.co.il/צור-קשר-א-ג-קרוואנים-נגררים/,2026-05-11
https://cag.co.il/חניונים-מומלצים/,2026-05-10
https://cag.co.il/listings/קרוואן-weinsberg-דגם-500fdk/550-q-2/,2026-05-10
https://cag.co.il/listings/knaus-sudwind-650-pxb/,2026-05-10
https://cag.co.il/עולם-הקרוואנים-שמתפתח-בישראל/,2026-05-10
https://cag.co.il/?taxonomy=price&term=185000,2026-05-10
https://cag.co.il/listings/קרוואן-weinsberg-דגם-550uk/550-u-1-1/,2026-05-10
https://cag.co.il/פתרונות-אנרגיה-מצבר-לקראוונים/,2026-05-10
https://cag.co.il/?taxonomy=makes-special&term=weinsberg,2026-05-10
https://cag.co.il/קראוונים-נגררים-בתקופת-הקורונה/מתחם-היבדק-וסע-של-מדא-בלוד-בדיקות-קורו-3/,2026-05-10
https://cag.co.il/קראוונים-נגררים-בתקופת-הקורונה/מתחם-היבדק-וסע-של-מדא-בלוד-בדיקות-קורו-2/,2026-05-10
https://cag.co.il/?taxonomy=serie&term=500fdk,2026-05-09
https://cag.co.il/?taxonomy=drive&term=6,2026-05-09
https://cag.co.il/?taxonomy=serie&term=390qd,2026-05-09
https://cag.co.il/listings/קרוואן-weinsberg-דגם-420qd/,2026-05-09
https://cag.co.il/listings/קרוואן-weinsberg-דגם-390qd/390qd/,2026-05-08
https://cag.co.il/listings/גנרטור-4500-וואט-zakco/img-20210223-wa0010/,2026-05-08
https://cag.co.il/listings/מטען-מצברים-noco-5ah-6-12v/,2026-05-08
https://cag.co.il/קראוונים-נגררים-בתקופת-הקורונה/מתחם-היבדק-וסע-של-מדא-בלוד-בדיקות-קורונ/,2026-05-08
https://cag.co.il/listings/קרוואן-weinsberg-דגם-550qdk/550qdk-798x450-1/,2026-05-08
https://cag.co.il/רואים-קראוון-למכירה-ושוקלים-פעמיים-כד/,2026-05-08
https://cag.co.il/listings/גנרטור-4500-וואט-zakco/,2026-05-08
https://cag.co.il/קרוואן-למכירה/באנר-לקראוונים-תמונה-1-1/,2026-05-08
https://cag.co.il/רואים-קראוון-למכירה-ושוקלים-פעמיים-כד/weinsberg-small/,2026-05-08
https://cag.co.il/?taxonomy=serie&term=550uk,2026-05-08
https://cag.co.il/listings/sterckeman-easy-496pe/alba-496-easy-496pe-day-2020/,2026-05-08
https://cag.co.il/?taxonomy=serie&term=580qs,2026-05-08
https://cag.co.il/קרוואן-למכירה/jsa-1-1-1/,2026-05-08
https://cag.co.il/listings/sterckeman-easy-390cp/whatsapp-image-2022-06-12-at-13-20-47/,2026-05-08
https://cag.co.il/השכרת-קרוואנים/קרוואן-בטבע/,2026-05-08
https://cag.co.il/מאמרים-קרוואנים/,2026-05-08
https://cag.co.il/listings/קרוואן-weinsberg-דגם-500fdk/5002-1024x650-1/,2026-05-08
https://cag.co.il/?taxonomy=drive&term=3,2026-05-08
https://cag.co.il/listings/sterckeman-easy-496pe/easy-496pe-kids-2021-11-1/,2026-05-07
https://cag.co.il/רוצים-לרכוש-קראוון-אבל-לא-יודעים-מאיפה/,2026-05-07
https://cag.co.il/קראוונים-tabbret/,2026-05-07
https://cag.co.il/listings/שרשרת-נעילה-לקראוון-נגרר/,2026-05-07
https://cag.co.il/?taxonomy=make&term=knaus,2026-05-07
https://cag.co.il/400l/,2026-05-07
https://cag.co.il/listings/evolution-580pe-kids/,2026-05-07
https://cag.co.il/קראוונים-weinsberg/wein/,2026-05-07
https://cag.co.il/listings/קרוואן-knaus-דגם-550fsk/1-2/,2026-05-07
https://cag.co.il/קרוואן-למכירה/יצרן-קרוואנים-קנאוס-אברט/,2026-05-07
https://cag.co.il/listings/קרוואן-tabbert-דגם-puccini/קרוואן-tabbert-דגם-puccini-2-3/,2026-05-07
https://cag.co.il/listings/קרוואן-weinsberg-דגם-550qdk/20170611_caraone_740udf_uk_n/,2026-05-07
https://cag.co.il/קרוואן-tabbert-דגם-puccini-4/,2026-05-07
https://cag.co.il/קראוונים-נגררים-בתקופת-הקורונה/מתחם-היבדק-וסע-של-מדא-בלוד-בדיקות-קורו-4/,2026-05-07
https://cag.co.il/טיפ-שבועי-3/,2026-05-06
https://cag.co.il/?taxonomy=makes-special&term=sterckeman,2026-05-06
https://cag.co.il/המילה-האחרונה-בעולם-הטיולים-הקרוואנ/קרוואן-tabbert-דגם-rossini-1-2/,2026-05-06
https://cag.co.il/listings/קרוואן-weinsberg-דגם-550qdk/20170611_caraone_740udf_uk_t/,2026-05-06
https://cag.co.il/listings/מנעול-לכף-ריתום/מנעול-לכף-ריתום-3/,2026-05-05
https://cag.co.il/listings/קרוואן-weinsberg-דגם-550qdk/20170610_caraone_390qd_uk_n/,2026-05-05
https://cag.co.il/carvan-lp/,2026-05-05
https://cag.co.il/listings/קרוואן-weinsberg-דגם-550qdk/20170610_caraone_550uk_n/,2026-05-05
https://cag.co.il/vivaldi/,2026-05-05
https://cag.co.il/listings/קרוואן-weinsberg-דגם-420qd/3300_w51_420-qd_gr_t/,2026-05-05
https://cag.co.il/listings/page/2/,2026-05-05
https://cag.co.il/listings/מטען-מצברים-noco-5ah-6-12v/noco-genius5eu-2-1-100x100/,2026-05-05
https://cag.co.il/קרוואן-למכירה/קטלוג-קראוון-02-1/,2026-05-05
https://cag.co.il/listings/sterckeman-easy-496pe/alba-496-easy-496pe-night-2020/,2026-05-05
https://cag.co.il/listings/sterckeman-evolution-496pe/sterckeman_evolution_moment/,2026-05-05
https://cag.co.il/listings/קרוואן-weinsberg-דגם-550qdk/20170610_caraone_550uk_t/,2026-05-04
https://cag.co.il/listings/knaus-sudwind-500-pf/500pf/,2026-05-04
https://cag.co.il/עולם-הקרוואנים-שמתפתח-בישראל/אוהל-צד-פאנורמה-1-2/,2026-05-04
https://cag.co.il/listings/knaus-sudwind-500-pf/,2026-05-04
https://cag.co.il/אביזרים-נלווים-לקראוונים/rz_caraone-450qd-edition-hot-landschaft_72dpi_lowres/,2026-05-04
https://cag.co.il/קראוונים-knaus/,2026-05-03
https://cag.co.il/קרוואן-למכירה/cag-2/,2026-05-03
https://cag.co.il/listings/evolution-580pe-kids/detail_roue-artica-evolution/,2026-05-02
https://cag.co.il/קרוואן-נגרר/קרוואן-weinsberg-דגם-400lk-2-3/,2026-05-02
https://cag.co.il/listings/sterckeman-evolution-496pe/artica-496-evolution-496pe-night-2020/,2026-04-30
https://cag.co.il/השכרת-קרוואנים/השכרת-קרוואנים-3/,2026-04-29
https://cag.co.il/קרוואן-לטיולים/420qd/,2026-04-29
https://cag.co.il/קרוואן-נגרר-איתך-לאורך-כל-הדרך/slider-2/,2026-04-28
https://cag.co.il/listings/page/4/,2026-04-27
https://cag.co.il/category/טיפ-שבועי/,2026-04-27
https://cag.co.il/listings/sterckeman-easy-420cp/alba-400-easy-420cp-day-2020/,2026-04-27
https://cag.co.il/listings/קרוואן-tabbert-דגם-puccini/קרוואן-tabbert-דגם-puccini-3-798x466/,2026-04-26
https://cag.co.il/אביזרים-נלווים-לקראוונים/,2026-04-26
https://cag.co.il/wp-content/uploads/2017/02/חוברת-הדרכה-קרוואנים-22.1.17.pdf,2026-04-25
https://cag.co.il/?taxonomy=drive&term=4,2026-04-25
https://cag.co.il/קרוואן-למכירה/jsa-1/,2026-04-25
https://cag.co.il/קראוונים-tabbret/tabbert/,2026-04-25
https://cag.co.il/הצצה-אל-העתיד-בית-על-גלגלים/cag/,2026-04-25
https://cag.co.il/listings/sterckeman-easy-390cp/easy_390cp_2021_3-2/,2026-04-23
https://cag.co.il/עמוד-תודה,2026-04-23
https://cag.co.il/קראוונים-נגררים-בתקופת-הקורונה/,2026-04-22
https://cag.co.il/listings/פאנל-סולארי-170w-36p/,2026-04-21
https://cag.co.il/מדיניות-פרטיות/,2026-04-21
https://cag.co.il/טיפ-שבועי-2/,2026-04-20
https://cag.co.il/listings/קרוואן-weinsberg-דגם-390qd/390-2/,2026-04-17
https://cag.co.il/listings/מנעול-לכף-ריתום-2/מנעול-לכף-ריתום-קרוואנים-2/,2026-04-14
https://cag.co.il/listings/קרוואן-knaus-דגם-500fvu/,2026-04-13
https://cag.co.il/?taxonomy=price&term=196000,2026-04-12
https://cag.co.il/listings/קרוואן-knaus-דגם-550fsk/3-2/,2026-04-12
https://cag.co.il/הצהרת-נגישות/,2026-04-12
https://cag.co.il/listings/קרוואן-weinsberg-דגם-550qdk/550qdk/,2026-04-12
https://cag.co.il/קרוואן-למכירה/באנר-לקראוונים-תמונה-1-1-1/,2026-04-10
https://cag.co.il/listings/sterckeman-easy-390cp/sterckeman_starlett_graphite_390cp_0003/,2026-04-05
https://cag.co.il/אביזרים-נלווים-לקראוונים/rz_caraone-450fu-edition-hot-landschaft_72dpi_lowres/,2026-04-05
https://cag.co.il/קרוואנים-weinsberg-tab-knaus-tabbret/קרוואנים-weinsberg-tab-knaus-tabbret-2/,2026-04-04
https://cag.co.il/אודותינו-א-ג-נגררים-וקרוואנים/ktg-knaus-2020-2021-suedwind-keyvisual-1/,2026-04-04
https://cag.co.il/?taxonomy=price&term=164000,2026-04-04
https://cag.co.il/קראוונים-knaus/logo-knaus-mobile/,2026-04-03
https://cag.co.il/listings/קרוואן-tabbert-דגם-da-vinci/א-ג-נגררים-וקרוואנים-37/,2026-04-02
https://cag.co.il/listings/קרוואן-weinsberg-דגם-550qdk/20170610_caraone_500fdk_n/,2026-04-02
https://cag.co.il/?taxonomy=make&term=sterckeman,2026-03-31
https://cag.co.il/?taxonomy=serie&term=evolution-496pe,2026-03-29
https://cag.co.il/listings/sterckeman-easy-496pe/sterckeman_evolution_496_pe_0001-1/,2026-03-28
https://cag.co.il/?taxonomy=serie&term=easy-420-cp,2026-03-28
https://cag.co.il/?taxonomy=serie&term=easy-390cp,2026-03-28
https://cag.co.il/?taxonomy=serie&term=easy-496pe,2026-03-27
https://cag.co.il/?taxonomy=serie&term=evolution-580pe,2026-03-27
https://cag.co.il/listings/sterckeman-evolution-496pe/sterckeman_evolution_496pe_0001/,2026-03-26
https://cag.co.il/listings/evolution-580pe-kids/detail_gaz-artica-evolution/,2026-03-24
https://cag.co.il/?taxonomy=price&term=202000,2026-03-22
https://cag.co.il/listings/קרוואן-weinsberg-דגם-550qdk/20170610_caraone_550qdk_t/,2026-03-15
https://cag.co.il/listings/קרוואן-weinsberg-דגם-550qdk/20170610_caraone_420qd_n/,2026-03-14
https://cag.co.il/listings/sterckeman-easy-390cp/whatsapp-image-2022-06-12-at-13-20-44/,2026-03-14
https://cag.co.il/?taxonomy=drive&term=7,2026-03-13
https://cag.co.il/אביזרים-נלווים-לקראוונים/ktg-weinsberg-2017-2018-caraone-450fu-hot-sitzgruppe-9801_72dpi_lowres/,2026-03-07
https://cag.co.il/?taxonomy=serie&term=420qd,2026-03-06
https://cag.co.il/?taxonomy=price&term=190000,2026-03-05
https://cag.co.il/?taxonomy=make&term=availability,2026-03-05
https://cag.co.il/?taxonomy=price&term=214000,2026-03-05
https://cag.co.il/?taxonomy=drive&term=2,2026-03-04
https://cag.co.il/?taxonomy=serie&term=450fu,2026-03-04
https://cag.co.il/listings/sterckeman-easy-390cp/sterckeman_starlett_graphite_390cp_0002/,2026-03-04
https://cag.co.il/listings/קרוואן-weinsberg-דגם-550qdk/20170610_caraone_390qd_n/,2026-03-03
https://cag.co.il/listings/knaus-sudwind-580-qs/csm_ktg-knaus-2020-2021-suedwind-580qs-grundriss-tag_0ae74bbe7d/,2026-03-03
https://cag.co.il/listings/sterckeman-easy-496pe/easy-496pe-kids-2021-3-1/,2026-02-25
https://cag.co.il/listings/קרוואן-weinsberg-דגם-420qd/3300_w51_420-qd_gr_n/,2026-02-24
https://cag.co.il/listings/קרוואן-knaus-דגם-550fsk/attachment/4/,2026-02-20
https://cag.co.il/listings/פאנל-סולארי-170w-36p/bld-170w-1/,2026-02-20
https://cag.co.il/listings/קרוואן-weinsberg-דגם-390qd/3300_w51_390-qd_in_6634_300dpi/,2026-02-06
https://cag.co.il/המילה-האחרונה-בעולם-הטיולים-הקרוואנ/,2026-01-28